3,19,Yoda,Shift Lead,4P-10:30P
3,23,Captain America,Laser Tag,9:30A-4:30P
3,26,Mickey Mouse,Shift Lead,12P-8P
3,23,Charlie Beutter,Ropes Course,9A-4:30P
3,18,Harry Potter,Laser Tag,11A-7P
3,30,Yoda,Shift Lead,4P-10:30P
3,25,Yoda,Shift Lead,9:30A-4:30P
3,29,Bob the Builder,Go-Karts,12P-8P
3,23,Charlie Beutter,Shift Lead,9A-4:30P
3,14,Bob the Builder,Go-Karts,11A-7P
3,26,Yoda,Ropes Course,4P-10:30P
3,30,Yoda,Laser Tag,9:30A-4:30P
3,22,John Doe,Go-Karts,12P-8P
3,20,Captain America,Go-Karts,9A-4:30P
3,14,Mickey Mouse,Shift Lead,11A-7P
3,21,John Doe,Go-Karts,4P-10:30P
3,2,Mickey Mouse,Laser Tag,9:30A-4:30P
3,3,Yoda,Shift Lead,12P-8P
3,5,Charlie Beutter,Shift Lead,9A-4:30P
3,5,Yoda,Ropes Course,11A-7P
3,22,Yoda,Ropes Course,4P-10:30P
3,14,Charlie Beutter,Shift Lead,9:30A-4:30P
3,16,Harry Potter,Shift Lead,12P-8P
3,3,John Doe,Go-Karts,9A-4:30P
3,9,Mickey Mouse,Laser Tag,11A-7P
3,12,Harry Potter,Laser Tag,4P-10:30P
3,18,Charlie Beutter,Laser Tag,9:30A-4:30P
3,17,Charlie Beutter,Shift Lead,12P-8P
3,21,Mickey Mouse,Laser Tag,9A-4:30P
3,25,Yoda,Shift Lead,11A-7P
3,14,Harry Potter,Laser Tag,4P-10:30P
3,13,Bob the Builder,Laser Tag,9:30A-4:30P
3,3,Yoda,Shift Lead,12P-8P
3,4,Harry Potter,Go-Karts,9A-4:30P
3,11,Charlie Beutter,Shift Lead,11A-7P
3,11,Mickey Mouse,Laser Tag,4P-10:30P
3,24,Charlie Beutter,Shift Lead,9:30A-4:30P
3,25,Charlie Beutter,Laser Tag,12P-8P
3,8,Charlie Beutter,Ropes Course,9A-4:30P
3,27,John Doe,Laser Tag,11A-7P
3,2,Yoda,Laser Tag,4P-10:30P
3,16,Captain America,Ropes Course,9:30A-4:30P
3,24,Charlie Beutter,Ropes Course,12P-8P
3,6,Captain America,Shift Lead,9A-4:30P
3,16,Charlie Beutter,Shift Lead,11A-7P
3,1,Mickey Mouse,Laser Tag,4P-10:30P
3,22,Yoda,Ropes Course,9:30A-4:30P
3,19,Charlie Beutter,Laser Tag,12P-8P
3,21,Charlie Beutter,Ropes Course,9A-4:30P
3,28,Mickey Mouse,Go-Karts,11A-7P
3,1,John Doe,Go-Karts,4P-10:30P
3,10,John Doe,Go-Karts,9:30A-4:30P
3,9,Charlie Beutter,Shift Lead,12P-8P
3,6,Captain America,Laser Tag,9A-4:30P
3,21,John Doe,Go-Karts,11A-7P
3,9,Harry Potter,Laser Tag,4P-10:30P
3,1,Harry Potter,Go-Karts,9:30A-4:30P
3,6,Charlie Beutter,Shift Lead,12P-8P
3,8,Mickey Mouse,Laser Tag,9A-4:30P
3,26,Yoda,Ropes Course,11A-7P
3,2,Yoda,Ropes Course,4P-10:30P
3,23,Charlie Beutter,Shift Lead,9:30A-4:30P
3,19,Charlie Beutter,Laser Tag,12P-8P
3,15,Harry Potter,Laser Tag,9A-4:30P
3,15,Yoda,Go-Karts,11A-7P
3,2,Harry Potter,Shift Lead,4P-10:30P
3,11,Harry Potter,Go-Karts,9:30A-4:30P
3,12,Charlie Beutter,Ropes Course,12P-8P
3,15,John Doe,Go-Karts,9A-4:30P
3,20,Yoda,Ropes Course,11A-7P
3,5,Yoda,Ropes Course,4P-10:30P
3,7,Yoda,Ropes Course,9:30A-4:30P
3,24,Mickey Mouse,Go-Karts,12P-8P
3,28,Captain America,Ropes Course,9A-4:30P
3,9,Yoda,Ropes Course,11A-7P
3,8,John Doe,Go-Karts,4P-10:30P
3,17,Yoda,Ropes Course,9:30A-4:30P
3,16,John Doe,Go-Karts,12P-8P
3,31,John Doe,Go-Karts,9A-4:30P
3,13,Charlie Beutter,Ropes Course,11A-7P
3,5,Bob the Builder,Laser Tag,4P-10:30P
3,27,Charlie Beutter,Shift Lead,9:30A-4:30P
3,4,Yoda,Go-Karts,12P-8P
3,7,Charlie Beutter,Shift Lead,9A-4:30P
3,27,Harry Potter,Go-Karts,11A-7P
3,31,Bob the Builder,Laser Tag,4P-10:30P
3,1,John Doe,Go-Karts,9:30A-4:30P
3,28,Mickey Mouse,Go-Karts,12P-8P
3,10,Charlie Beutter,Shift Lead,9A-4:30P
3,20,Mickey Mouse,Laser Tag,11A-7P
3,11,Captain America,Shift Lead,4P-10:30P
3,10,Mickey Mouse,Laser Tag,9:30A-4:30P
3,13,John Doe,Go-Karts,12P-8P
3,30,John Doe,Go-Karts,9A-4:30P
3,31,Yoda,Shift Lead,11A-7P
3,12,Harry Potter,Laser Tag,4P-10:30P
3,17,Captain America,Go-Karts,9:30A-4:30P
3,25,John Doe,Laser Tag,12P-8P
3,13,Yoda,Shift Lead,9A-4:30P
3,15,Harry Potter,Go-Karts,11A-7P
3,29,Mickey Mouse,Go-Karts,4P-10:30P
3,3,Mickey Mouse,Laser Tag,9:30A-4:30P
3,8,Yoda,Ropes Course,12P-8P
3,4,Mickey Mouse,Ropes Course,9A-4:30P
3,28,John Doe,Go-Karts,11A-7P
3,24,Harry Potter,Laser Tag,4P-10:30P
3,26,Harry Potter,Shift Lead,9:30A-4:30P
3,19,Mickey Mouse,Laser Tag,12P-8P
3,29,Mickey Mouse,Shift Lead,9A-4:30P
3,20,John Doe,Ropes Course,11A-7P
3,4,John Doe,Ropes Course,4P-10:30P
3,7,Mickey Mouse,Laser Tag,9:30A-4:30P
3,31,Charlie Beutter,Shift Lead,12P-8P
3,7,Captain America,Ropes Course,9A-4:30P
3,17,John Doe,Go-Karts,11A-7P
3,27,Harry Potter,Shift Lead,4P-10:30P
3,29,Captain America,Go-Karts,9:30A-4:30P
3,18,Bob the Builder,Laser Tag,12P-8P
3,22,John Doe,Go-Karts,9A-4:30P
3,10,John Doe,Go-Karts,11A-7P
3,30,Mickey Mouse,Laser Tag,4P-10:30P
3,18,John Doe,Go-Karts,9:30A-4:30P
3,6,Charlie Beutter,Shift Lead,12P-8P
3,12,Mickey Mouse,Ropes Course,9A-4:30P
3,28,Mickey Mouse,Go-Karts,12P-8P
3,28,Mickey Mouse,Go-Karts,12P-8P
3,28,Mickey Mouse,Go-Karts,12P-8P
3,28,Mickey Mouse,Go-Karts,12P-8P
3,28,Mickey Mouse,Go-Karts,12P-8P
3,28,Mickey Mouse,Go-Karts,12P-8P
3,28,Mickey Mouse,Go-Karts,12P-8P
3,28,Mickey Mouse,Go-Karts,12P-8P
